{
  "FT": {
    "mean": 0.7768027743710153,
    "std": 0.025062428065753848,
    "min": 0.7366778149386844,
    "max": 0.8033730974907446,
    "all": [
      [
        "0.jpg",
        0.7483221476510067
      ],
      [
        "1.jpg",
        0.8024329804009912
      ],
      [
        "2.jpg",
        0.7883116883116883
      ],
      [
        "3.jpg",
        0.7982456140350878
      ],
      [
        "4.jpg",
        0.8033730974907446
      ],
      [
        "5.jpg",
        0.7974793568013907
      ],
      [
        "6.jpg",
        0.7366778149386844
      ],
      [
        "7.jpg",
        0.7415363063273407
      ],
      [
        "8.jpg",
        0.7650587952963763
      ],
      [
        "9.jpg",
        0.7865899424568427
      ]
    ]
  },
  "CT": {
    "mean": 0.7186543597056873,
    "std": 0.03231900261071055,
    "min": 0.680206250657687,
    "max": 0.7752379083684882,
    "all": [
      [
        "0.jpg",
        0.6881148630683329
      ],
      [
        "1.jpg",
        0.7141456239274332
      ],
      [
        "2.jpg",
        0.7576165422733391
      ],
      [
        "3.jpg",
        0.7016754750927696
      ],
      [
        "4.jpg",
        0.725
      ],
      [
        "5.jpg",
        0.7579658155729057
      ],
      [
        "6.jpg",
        0.7752379083684882
      ],
      [
        "7.jpg",
        0.6851174934725849
      ],
      [
        "8.jpg",
        0.680206250657687
      ],
      [
        "9.jpg",
        0.7014636246233319
      ]
    ]
  },
  "MN": {
    "mean": 0.6290299313115657,
    "std": 0.1861840269173904,
    "min": 0.15213358070500926,
    "max": 0.7971014492753623,
    "all": [
      [
        "0.jpg",
        0.6772277227722773
      ],
      [
        "1.jpg",
        0.7289256198347107
      ],
      [
        "2.jpg",
        0.7788018433179723
      ],
      [
        "3.jpg",
        0.7558139534883721
      ],
      [
        "4.jpg",
        0.6990291262135923
      ],
      [
        "5.jpg",
        0.5208845208845209
      ],
      [
        "6.jpg",
        0.15213358070500926
      ],
      [
        "7.jpg",
        0.48883374689826303
      ],
      [
        "8.jpg",
        0.6915477497255763
      ],
      [
        "9.jpg",
        0.7971014492753623
      ]
    ]
  }
}